USUARIO,SEGUIDORES,FECHA,TIPO,LIKES,COMMS,DESCRIPCION
honeymoon,23516273,14/03/2026,Post,1968342,3817,Two Friday the 13ths in a row!  Love it.  Happy one month little white feather 🪶
honeymoon,23516273,13/03/2026,Post,410261,1616,Congratulations to these divas The best managers of 17 years thank uuu🤍
honeymoon,23516273,22/02/2026,Post,1269459,5913,Good morning🐊
honeymoon,23516273,17/02/2026,Post,1856716,16164,𝔚𝔥𝔦𝔱𝔢 𝔣𝔢𝔞𝔱𝔥𝔢𝔯 𝔬𝔲𝔱 𝔫𝔬𝔴  𝖂𝖍𝖎𝖙𝖊 𝖋𝖊𝖆𝖙𝖍𝖊𝖗 𝖔𝖚𝖙 𝖓𝖔𝖜  ★🍮 𝐖ђĮ𝓣Ⓔ 𝒻ｅⓐＴｈ乇ｒ όᑌ𝐓 η𝕠𝕨 🐻
honeymoon,23516273,16/02/2026,Post,2089659,19347,
honeymoon,23516273,15/02/2026,Post,1128609,17508,"OK, it’s your big moment!"
honeymoon,23516273,15/02/2026,Post,2262396,8530,
honeymoon,23516273,13/02/2026,Post,2113793,10779,𝐻𝒶𝓅𝓅𝓎 𝐹𝓇𝒾𝒹𝒶𝓎 𝓉𝒽𝑒 𝟣𝟥𝓉𝒽
honeymoon,23516273,18/01/2026,Post,2637701,10586,Three nights of the clearest skies
honeymoon,23516273,12/01/2026,Post,4234601,18368,Sorry my Christmas card is late !!! ❤️
honeymoon,23516273,26/10/2025,Post,2378546,6651,What a cute day 🌙
honeymoon,23516273,25/10/2025,Post,429738,1669,Very excited to see our friends and family today!
